kode;nama;kategori;jenjang;urutan
Sdtk;SDTK (Sekolah Dasar Teologi Kristen);SEKOLAH;SD;200
Smptk;SMPTK (SMP Teologi Kristen);SEKOLAH;SMP;210
Smtk;SMTK (SMA Teologi Kristen);SEKOLAH;SMA;220
Smak;SMAK (Sekolah Menengah Agama Katolik);SEKOLAH;SMA;230
Smag.K;SMAG.K (Sekolah Menengah Agama Katolik);SEKOLAH;SMA;240
Taman Seminari;Taman Seminari (Seminari Menengah);SEKOLAH;SMA;250
Mak;MAK (Madrasah Aliyah Kejuruan);SEKOLAH;SMK;260
Spm Ula;SPM Ula (Satuan Pendidikan Muadalah Ula);SEKOLAH;SD;270
Spm Wustha;SPM Wustha (Satuan Pendidikan Muadalah Wustha);SEKOLAH;SMP;280
Spm Ulya;SPM Ulya (Satuan Pendidikan Muadalah Ulya);SEKOLAH;SMA;290
Pdf Wustha;PDF Wustha (Pendidikan Diniyah Formal Wustha);SEKOLAH;SMP;300
Pdf Ulya;PDF Ulya (Pendidikan Diniyah Formal Ulya);SEKOLAH;SMA;310
Mula Dhammasekha;Mula Dhammasekha (setara SD);SEKOLAH;SD;320
Nava Dhammasekha;Nava Dhammasekha (setara SMP);SEKOLAH;SMP;330
Uttama Dhammasekha;Uttama Dhammasekha (setara SMA);SEKOLAH;SMA;340
Nonformal (PKBM);PKBM (Kesetaraan Paket A/B/C);NONFORMAL;SD,SMP,SMA;350
Kursus;Lembaga Kursus dan Pelatihan;NONFORMAL;;360
